author,author_alias,attribution_link,asset_count,map_count,mod_count,total_downloads,2026_03_11,2026_03_12,2026_03_13,2026_03_14,2026_03_15,2026_03_16,2026_03_17,2026_03_18,2026_03_19,2026_03_20,2026_03_21,2026_03_22,2026_03_23,2026_03_24,2026_03_25,2026_03_26,2026_03_27,2026_03_28,2026_03_29,2026_03_30,2026_03_31
ahkimn,Yukina-,https://github.com/ahkimn,22,21,1,2404,522,92,82,41,95,55,12,5,16,24,19,17,16,11,28,32,72,77,36,1089,63
devenperez,devenperez,https://github.com/devenperez,8,8,0,2297,1278,54,56,25,50,0,2,26,17,31,40,12,26,1,36,27,37,36,4,539,0
stefanorigano,stefanorigano,https://github.com/stefanorigano,1,0,1,1431,233,42,63,51,33,34,50,32,27,41,37,34,34,1,43,39,65,65,82,252,173
Valdotorium,Valdotorium,https://github.com/Valdotorium,5,4,1,1377,0,0,0,0,0,13,16,32,24,42,40,25,43,34,52,91,133,125,122,392,193
crumpetime,crumpetime,https://github.com/crumpetime,6,5,1,1062,77,13,30,21,46,22,24,18,20,28,47,40,37,3,28,42,58,44,48,397,19
rslurry,rslurry,https://github.com/rslurry,16,16,0,1058,103,22,15,39,51,10,23,6,15,32,29,8,35,5,14,40,51,34,26,500,0
Kronifer,Kronifer,https://github.com/Kronifer,4,4,0,833,226,20,33,5,6,0,0,1,1,0,0,0,0,0,0,5,76,59,42,323,36
Maximilian284,Maximilian284,https://github.com/Maximilian284,18,18,0,783,57,18,7,15,10,0,0,178,5,0,4,0,2,0,0,22,26,13,1,345,80
DanielD1909,DanielD1909,https://github.com/DanielD1909,2,1,1,599,0,0,0,4,22,20,16,25,24,17,18,14,10,0,0,12,69,33,20,295,0
BarKuperman,BarKuperman,https://github.com/BarKuperman,3,2,1,582,151,19,38,13,13,5,14,4,12,23,22,8,9,5,13,8,15,14,12,179,5
Gio1112,Gio1112,https://github.com/Gio1112,1,0,1,522,0,0,0,0,0,4,14,12,4,17,27,23,20,26,15,31,45,50,47,95,92
ryandicicco,ryandicicco,https://github.com/ryandicicco,5,5,0,419,63,8,23,21,20,1,0,2,0,5,6,0,1,0,11,7,19,16,5,209,2
soccerjonj,soccerjonj,https://github.com/soccerjonj,6,6,0,363,64,9,8,2,4,0,0,0,4,0,4,0,1,0,0,0,0,0,0,267,0
nzh0172,nzh0172,https://github.com/nzh0172,2,1,1,302,0,0,0,0,0,0,0,0,0,2,10,0,16,5,9,16,38,34,24,125,23
TransitCore,TransitCore,https://github.com/TransitCore,1,0,1,162,0,0,0,0,0,0,0,0,0,0,0,0,3,2,24,7,21,14,12,59,20
WillBarouch,WillBarouch,https://github.com/WillBarouch,1,1,0,155,0,0,0,0,0,0,0,0,0,0,0,1,8,0,2,19,23,20,4,78,0
PSWBSF,PSWBSF,https://github.com/PSWBSF,3,3,0,35,0,0,0,0,0,0,0,0,0,0,0,0,0,0,0,0,0,6,0,15,14
metatablestudios,metatablestudios,https://github.com/metatablestudios,1,1,0,6,0,0,0,0,0,0,0,0,0,0,0,0,0,0,0,0,0,0,0,0,6
Bobby-047,Bobby-047,https://github.com/Bobby-047,1,0,1,0,0,0,0,0,0,0,0,0,0,0,0,0,0,0,0,0,0,0,0,0,0
